<application xmlns="http://ns.adobe.com/air/application/50.0">
  <id>DoM</id>
  <filename>Domain of Magica</filename>
  <name>Domain of Magica</name>
  <versionNumber>0.0.0</versionNumber>
  <architecture>64</architecture>
  <extensions>
    <extensionID>com.flut.rpcANE</extensionID>
  </extensions>
  <initialWindow>
    <content>Main.dll</content>
    <visible>true</visible>
    <renderMode>direct</renderMode>
  </initialWindow>
  <icon>
    <image128x128>DoM-Icon.png</image128x128>
  </icon>
</application>