<?xml version="1.0" ?>
<swc xmlns="http://www.adobe.com/flash/swccatalog/9">
    <versions>
        <swc version="1.2"/>
        <compiler name="ActionScript Compiler" version="2.0.0" build="354209"/>
    </versions>
    <features>
        <feature-script-deps/>
    </features>
    <libraries>
        <library path="library.swf">
            <script name="com/flut/rpcANE/RichPresence" mod="1544286106820">
                <def id="com.flut.rpcANE:RichPresence"/>
                <dep id="String" type="s"/>
                <dep id="flash.events:EventDispatcher" type="i"/>
                <dep id="flash.events:IEventDispatcher" type="s"/>
                <dep id="flash.external:ExtensionContext" type="s"/>
                <dep id="uint" type="e"/>
            </script>
            <digests>
                <digest type="SHA-256" signed="false" value="d9091de10545cd6ab25f11574cd6280129c913261e9fb2c3b6ac1314cb81978b"/>
            </digests>
        </library>
    </libraries>
</swc>